{
  "baseline_val_mae": 0.06686048954725266,
  "baseline_test_mae": 0.05986621975898743,
  "augmented_val_mae": 0.06626913696527481,
  "augmented_test_mae": 0.05780072882771492,
  "val_improvement": 0.0005913525819778442,
  "test_improvement": 0.0020654909312725067,
  "val_improvement_pct": 0.8844574516013896,
  "test_improvement_pct": 3.4501776454031483,
  "verdict": "GOOD"
}