{
  "baseline_val_mae": 0.12750712037086487,
  "baseline_test_mae": 0.11408723145723343,
  "augmented_val_mae": 0.13281288743019104,
  "augmented_test_mae": 0.11889169365167618,
  "val_improvement": -0.005305767059326172,
  "test_improvement": -0.004804462194442749,
  "val_improvement_pct": -4.161153544910994,
  "test_improvement_pct": -4.211218146917468,
  "verdict": "BAD"
}