{
  "baseline_val_mae": 0.06686048954725266,
  "baseline_test_mae": 0.05986621975898743,
  "augmented_val_mae": 0.05745679512619972,
  "augmented_test_mae": 0.058285828679800034,
  "val_improvement": 0.009403694421052933,
  "test_improvement": 0.0015803910791873932,
  "val_improvement_pct": 14.06465086440477,
  "test_improvement_pct": 2.6398711753469897,
  "verdict": "GOOD"
}