{
  "baseline_val_mae": 0.004686830099672079,
  "baseline_test_mae": 0.0031781813595443964,
  "augmented_val_mae": 0.00471523916348815,
  "augmented_test_mae": 0.004392445087432861,
  "val_improvement": -2.8409063816070557e-05,
  "test_improvement": -0.001214263727888465,
  "val_improvement_pct": -0.6061466537491563,
  "test_improvement_pct": -38.2062440911973,
  "verdict": "BAD"
}