{
  "val_mae": 0.004826211836189032,
  "test_mae": 0.004102218896150589
}