{
  "val_mae": 0.12750712037086487,
  "test_mae": 0.11408723145723343
}