{
  "val_mae": 0.06686048954725266,
  "test_mae": 0.05986621975898743
}