{
  "val_mae": 0.0030066492035984993,
  "test_mae": 0.0018394326325505972
}