{
  "baseline_val_mae": 0.0030066492035984993,
  "baseline_test_mae": 0.0018394326325505972,
  "augmented_val_mae": 0.0028796731494367123,
  "augmented_test_mae": 0.00209176167845726,
  "val_improvement": 0.00012697605416178703,
  "test_improvement": -0.00025232904590666294,
  "val_improvement_pct": 4.223174888836919,
  "test_improvement_pct": -13.717765002177766,
  "verdict": "GOOD"
}