{
  "baseline_val_mae": 0.0030066492035984993,
  "baseline_test_mae": 0.0018394326325505972,
  "augmented_val_mae": 0.0030353874899446964,
  "augmented_test_mae": 0.0020480225794017315,
  "val_improvement": -2.8738286346197128e-05,
  "test_improvement": -0.0002085899468511343,
  "val_improvement_pct": -0.9558243878867476,
  "test_improvement_pct": -11.339906836484626,
  "verdict": "BAD"
}