{
  "baseline_val_mae": 0.0030066492035984993,
  "baseline_test_mae": 0.0018394326325505972,
  "augmented_val_mae": 0.003038072492927313,
  "augmented_test_mae": 0.0022389949299395084,
  "val_improvement": -3.142328932881355e-05,
  "test_improvement": -0.00039956229738891125,
  "val_improvement_pct": -1.0451265578706248,
  "test_improvement_pct": -21.722040281239845,
  "verdict": "BAD"
}