{
  "baseline_val_mae": 0.0030066492035984993,
  "baseline_test_mae": 0.0018394326325505972,
  "augmented_val_mae": 0.0028746710158884525,
  "augmented_test_mae": 0.0018282575765624642,
  "val_improvement": 0.00013197818771004677,
  "test_improvement": 1.1175055988132954e-05,
  "val_improvement_pct": 4.389543933229359,
  "test_improvement_pct": 0.6075273315466508,
  "verdict": "GOOD"
}