{
  "baseline_val_mae": 0.0030066492035984993,
  "baseline_test_mae": 0.0018394326325505972,
  "augmented_val_mae": 0.0032105015125125647,
  "augmented_test_mae": 0.0022118964698165655,
  "val_improvement": -0.00020385230891406536,
  "test_improvement": -0.0003724638372659683,
  "val_improvement_pct": -6.780049653617233,
  "test_improvement_pct": -20.248843620301653,
  "verdict": "BAD"
}