{
  "baseline_val_mae": 0.0030066492035984993,
  "baseline_test_mae": 0.0018394326325505972,
  "augmented_val_mae": 0.0031446402426809072,
  "augmented_test_mae": 0.001979733817279339,
  "val_improvement": -0.00013799103908240795,
  "test_improvement": -0.00014030118472874165,
  "val_improvement_pct": -4.589529065022078,
  "test_improvement_pct": -7.627416315551441,
  "verdict": "BAD"
}