{
  "baseline_val_mae": 0.0030066492035984993,
  "baseline_test_mae": 0.0018394326325505972,
  "augmented_val_mae": 0.0029662149026989937,
  "augmented_test_mae": 0.0018636855529621243,
  "val_improvement": 4.0434300899505615e-05,
  "test_improvement": -2.4252920411527157e-05,
  "val_improvement_pct": 1.344829348602156,
  "test_improvement_pct": -1.318500062592536,
  "verdict": "GOOD"
}