{
  "baseline_val_mae": 0.0030066492035984993,
  "baseline_test_mae": 0.0018394326325505972,
  "augmented_val_mae": 0.0029089967720210552,
  "augmented_test_mae": 0.0018194264266639948,
  "val_improvement": 9.765243157744408e-05,
  "test_improvement": 2.0006205886602402e-05,
  "val_improvement_pct": 3.2478824420410954,
  "test_improvement_pct": 1.0876291706786436,
  "verdict": "GOOD"
}