{
  "baseline_val_mae": 0.0030066492035984993,
  "baseline_test_mae": 0.0018394326325505972,
  "augmented_val_mae": 0.0030439263209700584,
  "augmented_test_mae": 0.001840379904024303,
  "val_improvement": -3.727711737155914e-05,
  "test_improvement": -9.472714737057686e-07,
  "val_improvement_pct": -1.2398226346773056,
  "test_improvement_pct": -0.051498024822592255,
  "verdict": "BAD"
}