{
  "baseline_val_mae": 0.0030066492035984993,
  "baseline_test_mae": 0.0018394326325505972,
  "augmented_val_mae": 0.003660049056634307,
  "augmented_test_mae": 0.0021770549938082695,
  "val_improvement": -0.0006533998530358076,
  "test_improvement": -0.0003376223612576723,
  "val_improvement_pct": -21.73182865010617,
  "test_improvement_pct": -18.354701079186455,
  "verdict": "BAD"
}