{
  "baseline_val_mae": 0.0030066492035984993,
  "baseline_test_mae": 0.0018394326325505972,
  "augmented_val_mae": 0.0029836040921509266,
  "augmented_test_mae": 0.0022578025236725807,
  "val_improvement": 2.3045111447572708e-05,
  "test_improvement": -0.00041836989112198353,
  "val_improvement_pct": 0.7664715730718181,
  "test_improvement_pct": -22.74450739421007,
  "verdict": "GOOD"
}