{
  "baseline_val_mae": 0.0030066492035984993,
  "baseline_test_mae": 0.0018394326325505972,
  "augmented_val_mae": 0.0034392266534268856,
  "augmented_test_mae": 0.0032441955991089344,
  "val_improvement": -0.0004325774498283863,
  "test_improvement": -0.0014047629665583372,
  "val_improvement_pct": -14.387360165284905,
  "test_improvement_pct": -76.36936203586116,
  "verdict": "BAD"
}