{
  "baseline_val_mae": 0.0030066492035984993,
  "baseline_test_mae": 0.0018394326325505972,
  "augmented_val_mae": 0.002956327749416232,
  "augmented_test_mae": 0.001880201743915677,
  "val_improvement": 5.032145418226719e-05,
  "test_improvement": -4.076911136507988e-05,
  "val_improvement_pct": 1.6736722768336292,
  "test_improvement_pct": -2.2163960040519965,
  "verdict": "GOOD"
}