{
  "bb_n100": {
    "n_samples": 100,
    "block_size": 30,
    "val_pct": -21.73182865010617,
    "test_pct": -18.354701079186455,
    "verdict": "BAD",
    "val_mae": 0.003660049056634307,
    "test_mae": 0.0021770549938082695
  },
  "bb_n250": {
    "n_samples": 250,
    "block_size": 30,
    "val_pct": -9.472116690646812,
    "test_pct": -5.1180505355300925,
    "verdict": "BAD",
    "val_mae": 0.0032914425246417522,
    "test_mae": 0.0019335757242515683
  },
  "bb_n500": {
    "n_samples": 500,
    "block_size": 30,
    "val_pct": -4.589529065022078,
    "test_pct": -7.627416315551441,
    "verdict": "BAD",
    "val_mae": 0.0031446402426809072,
    "test_mae": 0.001979733817279339
  },
  "bb_n750": {
    "n_samples": 750,
    "block_size": 30,
    "val_pct": -0.9558243878867476,
    "test_pct": -11.339906836484626,
    "verdict": "BAD",
    "val_mae": 0.0030353874899446964,
    "test_mae": 0.0020480225794017315
  },
  "bb_n1000": {
    "n_samples": 1000,
    "block_size": 30,
    "val_pct": 4.389543933229359,
    "test_pct": 0.6075273315466508,
    "verdict": "GOOD",
    "val_mae": 0.0028746710158884525,
    "test_mae": 0.0018282575765624642
  },
  "bb_n1575": {
    "n_samples": 1575,
    "block_size": 30,
    "val_pct": -1.2398226346773056,
    "test_pct": -0.051498024822592255,
    "verdict": "BAD",
    "val_mae": 0.0030439263209700584,
    "test_mae": 0.001840379904024303
  },
  "bb_bs10": {
    "n_samples": 500,
    "block_size": 10,
    "val_pct": 0.7664715730718181,
    "test_pct": -22.74450739421007,
    "verdict": "GOOD",
    "val_mae": 0.0029836040921509266,
    "test_mae": 0.0022578025236725807
  },
  "bb_bs20": {
    "n_samples": 500,
    "block_size": 20,
    "val_pct": 1.344829348602156,
    "test_pct": -1.318500062592536,
    "verdict": "GOOD",
    "val_mae": 0.0029662149026989937,
    "test_mae": 0.0018636855529621243
  },
  "bb_bs30": {
    "n_samples": 500,
    "block_size": 30,
    "val_pct": 1.6736722768336292,
    "test_pct": -2.2163960040519965,
    "verdict": "GOOD",
    "val_mae": 0.002956327749416232,
    "test_mae": 0.001880201743915677
  },
  "bb_bs48": {
    "n_samples": 500,
    "block_size": 48,
    "val_pct": 4.223174888836919,
    "test_pct": -13.717765002177766,
    "verdict": "GOOD",
    "val_mae": 0.0028796731494367123,
    "test_mae": 0.00209176167845726
  },
  "bb_bs60": {
    "n_samples": 500,
    "block_size": 60,
    "val_pct": 4.530172393765885,
    "test_pct": -11.546936870649137,
    "verdict": "GOOD",
    "val_mae": 0.0028704428113996983,
    "test_mae": 0.002051830757409334
  },
  "tg_n100": {
    "n_samples": 100,
    "generator": "timegan",
    "val_pct": -1.0451265578706248,
    "test_pct": -21.722040281239845,
    "verdict": "BAD",
    "val_mae": 0.003038072492927313,
    "test_mae": 0.0022389949299395084
  },
  "tg_n250": {
    "n_samples": 250,
    "generator": "timegan",
    "val_pct": -14.387360165284905,
    "test_pct": -76.36936203586116,
    "verdict": "BAD",
    "val_mae": 0.0034392266534268856,
    "test_mae": 0.0032441955991089344
  },
  "tg_n500": {
    "n_samples": 500,
    "generator": "timegan",
    "val_pct": 3.2478824420410954,
    "test_pct": 1.0876291706786436,
    "verdict": "GOOD",
    "val_mae": 0.0029089967720210552,
    "test_mae": 0.0018194264266639948
  }
}