{
  "timegan": {
    "baseline_val_mae": 0.0030066492035984993,
    "baseline_test_mae": 0.0018394326325505972,
    "augmented_val_mae": 0.0031524512451142073,
    "augmented_test_mae": 0.003018186194822192,
    "val_improvement": -0.00014580204151570797,
    "test_improvement": -0.001178753562271595,
    "val_improvement_pct": -4.8493200118326145,
    "test_improvement_pct": -64.08245354640195,
    "verdict": "BAD"
  }
}