{
  "n_regimes": 4,
  "transitions": [
    [
      0.4983443708609272,
      0.3327814569536424,
      0.001655629139072848,
      0.16721854304635764
    ],
    [
      0.4950980392156863,
      0.004901960784313725,
      0.4950980392156863,
      0.004901960784313725
    ],
    [
      0.4950980392156863,
      0.004901960784313725,
      0.4950980392156863,
      0.004901960784313725
    ],
    [
      0.9711538461538461,
      0.009615384615384616,
      0.009615384615384616,
      0.009615384615384616
    ]
  ],
  "regime_stats": [
    {
      "mean": 2.43038343515972e-05,
      "std": 0.001949676367153735,
      "count": 9450
    },
    {
      "mean": -0.0006360006601134377,
      "std": 0.0031963730987642366,
      "count": 245
    },
    {
      "mean": -1.9839027652398557e-05,
      "std": 0.0036990485956199057,
      "count": 1310
    },
    {
      "mean": 0.00030508400018018145,
      "std": 0.0013057818566314526,
      "count": 80
    }
  ],
  "seq_len": 64,
  "z_dim": 8
}