{
  "n_regimes": 3,
  "transition_matrix": [
    [
      0.9901802549822112,
      0.0027552416087359174,
      0.007064503409052895
    ],
    [
      0.00584527769941114,
      0.9941547223005888,
      1.0233439701522912e-40
    ],
    [
      0.004653364393281927,
      4.508690684824067e-25,
      0.9953466356067181
    ]
  ],
  "start_probs": [
    6.944871603677211e-303,
    1.9073039351477878e-233,
    1.0
  ],
  "regime_params": [
    {
      "mean": 6.451691397281436e-06,
      "std": 0.002272915141274009,
      "skew": 0.000286005846946531,
      "ar1": 0.2613087184005799,
      "vol_mean": 0.002213763405302583,
      "count": 3708
    },
    {
      "mean": -8.968192430790637e-05,
      "std": 0.003658258107206443,
      "skew": 0.03202901742633119,
      "ar1": 0.2619315058465354,
      "vol_mean": 0.003501302259987587,
      "count": 1742
    },
    {
      "mean": 3.64335419242646e-05,
      "std": 0.0015823972482005761,
      "skew": -0.08858312690668713,
      "ar1": 0.2617097485594081,
      "vol_mean": 0.0015091268397289933,
      "count": 5634
    }
  ],
  "feature_means": [
    6.582780111697347e-06,
    0.002057950546625184,
    0.9785440049783385
  ],
  "feature_stds": [
    0.002259699520941782,
    0.00087264202034956,
    0.16625652471264377
  ],
  "hmm_means": [
    [
      0.000553502499328281,
      0.1748108163963059,
      -0.019228979554884177
    ],
    [
      -0.044546116981583346,
      1.6517201369163457,
      0.05893357683196292
    ],
    [
      0.013463746897199815,
      -0.627862260321276,
      -0.005630835694249021
    ]
  ],
  "hmm_covars": [
    [
      [
        1.0103788926189996,
        0.006414327412681931,
        0.005953364863355692
      ],
      [
        0.006414327412681931,
        0.23592110640416755,
        0.43202621944276864
      ],
      [
        0.005953364863355685,
        0.4320262194427687,
        1.0526442081847733
      ]
    ],
    [
      [
        2.6164681045405196,
        -0.07367458191950547,
        -0.03585492764515317
      ],
      [
        -0.07367458191950547,
        1.1753403890810221,
        0.712335580050431
      ],
      [
        -0.03585492764515317,
        0.712335580050431,
        1.1140871186619548
      ]
    ],
    [
      [
        0.49057887390984695,
        -0.006674183032848934,
        -0.006425387299026808
      ],
      [
        -0.006674183032848936,
        0.18754210273670988,
        0.2713125656515614
      ],
      [
        -0.006425387299026801,
        0.2713125656515614,
        0.9285663385174246
      ]
    ]
  ],
  "data_mean": 1.3475879478621686,
  "data_std": 0.09768994080715467
}