{
  "n_regimes": 4,
  "transition_matrix": [
    [
      0.9900717109831594,
      2.777812736225673e-103,
      0.006918637544833949,
      0.003009651472006587
    ],
    [
      7.209093995856351e-84,
      0.9927708900185979,
      0.007229109981401995,
      2.442000877673865e-186
    ],
    [
      0.006226529186729209,
      0.004749157180356507,
      0.9890243136329143,
      6.351680611345983e-103
    ],
    [
      0.00571573741278104,
      1.7297104838892458e-271,
      2.8538899967042496e-171,
      0.994284262587219
    ]
  ],
  "start_probs": [
    0.0,
    1.0,
    0.0,
    0.0
  ],
  "regime_params": [
    {
      "mean": -3.3766723715286397e-06,
      "std": 0.0023040322383879814,
      "skew": 0.026720816160045603,
      "ar1": 0.24315770414044896,
      "vol_mean": 0.002247737574659153,
      "count": 3289
    },
    {
      "mean": 8.031859165604535e-05,
      "std": 0.0012496712856288567,
      "skew": 0.07183930362743567,
      "ar1": 0.27006139207032265,
      "vol_mean": 0.0012212411769890734,
      "count": 2408
    },
    {
      "mean": 1.930987367193927e-05,
      "std": 0.0018301351688889609,
      "skew": -0.03562534187062049,
      "ar1": 0.26854888795853504,
      "vol_mean": 0.0017544988334471621,
      "count": 3659
    },
    {
      "mean": -0.00010416237632255317,
      "std": 0.003655170641785817,
      "skew": 0.018584724068766108,
      "ar1": 0.2635958825325456,
      "vol_mean": 0.003505240156230724,
      "count": 1728
    }
  ],
  "feature_means": [
    6.582780111697347e-06,
    0.002057950546625184,
    0.9785440049783385
  ],
  "feature_stds": [
    0.002259699520941782,
    0.00087264202034956,
    0.16625652471264377
  ],
  "hmm_means": [
    [
      -0.004549651162296655,
      0.2157468320200592,
      -0.032028089928369904
    ],
    [
      0.03164327598289337,
      -0.958454153595442,
      -0.02817114708544075
    ],
    [
      0.005929847800218622,
      -0.34975648113607577,
      0.021603067645400337
    ],
    [
      -0.0477650123244016,
      1.657797269286801,
      0.054314030737323354
    ]
  ],
  "hmm_covars": [
    [
      [
        1.0318027349475398,
        0.008016250926695499,
        -0.0015700306524296774
      ],
      [
        0.00801625092669549,
        0.24441209052838417,
        0.4631424295473102
      ],
      [
        -0.001570030652429684,
        0.4631424295473103,
        1.1012081250759724
      ]
    ],
    [
      [
        0.30682234011153003,
        0.002014275045217851,
        0.004083393684275799
      ],
      [
        0.0020142750452178393,
        0.09672895856465187,
        0.23488677898937418
      ],
      [
        0.004083393684275802,
        0.2348867789893743,
        1.0022982065104749
      ]
    ],
    [
      [
        0.6558446847191964,
        -0.0009010869229892151,
        -0.003891635094555221
      ],
      [
        -0.0009010869229892198,
        0.11856882644723983,
        0.2868947913032727
      ],
      [
        -0.003891635094555221,
        0.2868947913032727,
        0.851563156276257
      ]
    ],
    [
      [
        2.6235888281071733,
        -0.07232573935978114,
        -0.03839140033030644
      ],
      [
        -0.07232573935978116,
        1.1788682651138747,
        0.7172647357918176
      ],
      [
        -0.03839140033030644,
        0.7172647357918176,
        1.1108801649673532
      ]
    ]
  ],
  "data_mean": 1.3475879478621686,
  "data_std": 0.09768994080715467
}