{
  "n_regimes": 5,
  "block_size": 30,
  "smooth_weight": 0.3,
  "vol_scale": 0.8,
  "score": 1.8857883870306695,
  "std_ratio": 0.9902870318605291,
  "ac1_ratio": 0.9957020477137709,
  "ac5_ratio": 0.8903066509733621,
  "js": 0.10251075875593452,
  "wass": 9.285864367924009e-05,
  "ks": 0.03495145631067962,
  "vc_ratio": 1.9138638409297826,
  "hurst_diff": 0.013157748721499819
}