{
  "n_regimes": 4,
  "transition_matrix": [
    [
      0.990071710982797,
      2.777812731542402e-103,
      0.006918637545078672,
      0.0030096514721242827
    ],
    [
      7.209093983187629e-84,
      0.9927708900195403,
      0.0072291099804595756,
      2.442000838274226e-186
    ],
    [
      0.006226529186492069,
      0.00474915718077098,
      0.989024313632737,
      6.351680689429893e-103
    ],
    [
      0.005715737412570353,
      1.7297104925975766e-271,
      2.8538900197659593e-171,
      0.9942842625874296
    ]
  ],
  "start_probs": [
    0.0,
    1.0,
    0.0,
    0.0
  ],
  "regime_models": [
    {
      "mean": -3.3766723715286397e-06,
      "ar1": 0.24315770414044896,
      "garch": {
        "omega": 1.4863980755487172e-06,
        "alpha": 0.02,
        "beta": 0.7,
        "long_run_var": 5.308564555531133e-06
      },
      "skew": 0.026720816160045603,
      "kurt": 5.18997233331541,
      "count": 3289
    },
    {
      "mean": 8.031859165604535e-05,
      "ar1": 0.27006139207032265,
      "garch": {
        "omega": 4.372699301950783e-07,
        "alpha": 0.02,
        "beta": 0.7,
        "long_run_var": 1.5616783221252795e-06
      },
      "skew": 0.07183930362743567,
      "kurt": 6.091021219797758,
      "count": 2408
    },
    {
      "mean": 1.930987367193927e-05,
      "ar1": 0.26854888795853504,
      "garch": {
        "omega": 9.37830526193183e-07,
        "alpha": 0.02,
        "beta": 0.7,
        "long_run_var": 3.349394736404225e-06
      },
      "skew": -0.03562534187062049,
      "kurt": 5.055946585587126,
      "count": 3659
    },
    {
      "mean": -0.00010416237632255317,
      "ar1": 0.2635958825325456,
      "garch": {
        "omega": 4.0080817261718853e-07,
        "alpha": 0.02,
        "beta": 0.95,
        "long_run_var": 1.3360272420572939e-05
      },
      "skew": 0.018584724068766108,
      "kurt": 5.409684864976737,
      "count": 1728
    }
  ],
  "data_mean": 1.3475879478621686,
  "data_std": 0.09768994080715467
}